{"cameraMode":{"drawMode":0,"name":"Shaded","section":"Shading Mode"},"sceneLighting":false,"audioPlay":false,"sceneViewState":{"m_AlwaysRefresh":true,"showFog":true,"showSkybox":false,"showFlares":true,"showImageEffects":true,"showParticleSystems":true,"showVisualEffectGraphs":true,"m_FxEnabled":true},"in2DMode":false,"pivot":{"x":0.038834135979413989,"y":0.00621604360640049,"z":-0.03542686253786087},"rotation":{"x":-0.060970108956098559,"y":-0.8229813575744629,"z":0.08998561650514603,"w":-0.5576018691062927},"size":0.056124866008758548,"orthographic":false}