{"cameraMode":{"drawMode":0,"name":"Shaded","section":"Shading Mode"},"sceneLighting":false,"audioPlay":false,"sceneViewState":{"m_AlwaysRefresh":true,"showFog":true,"showSkybox":false,"showFlares":true,"showImageEffects":true,"showParticleSystems":true,"showVisualEffectGraphs":true,"m_FxEnabled":true},"in2DMode":false,"pivot":{"x":-1.210719347000122e-8,"y":0.040478337556123736,"z":0.07738222926855087},"rotation":{"x":-0.27979812026023867,"y":-0.0722096860408783,"z":0.021111182868480684,"w":-0.9571186304092407},"size":0.13741658627986909,"orthographic":false}