{"cameraMode":{"drawMode":0,"name":"Shaded","section":"Shading Mode"},"sceneLighting":true,"audioPlay":false,"sceneViewState":{"m_AlwaysRefresh":true,"showFog":true,"showSkybox":true,"showFlares":true,"showImageEffects":true,"showParticleSystems":true,"showVisualEffectGraphs":true,"m_FxEnabled":true},"in2DMode":false,"pivot":{"x":3.5897605419158937,"y":1.805177927017212,"z":-0.34742772579193118},"rotation":{"x":-0.27979812026023867,"y":-0.0722096860408783,"z":0.021111182868480684,"w":-0.9571186304092407},"size":3.763566732406616,"orthographic":false}