{"cameraMode":{"drawMode":0,"name":"Shaded","section":"Shading Mode"},"sceneLighting":true,"audioPlay":false,"sceneViewState":{"m_AlwaysRefresh":true,"showFog":true,"showSkybox":true,"showFlares":true,"showImageEffects":true,"showParticleSystems":true,"showVisualEffectGraphs":true,"m_FxEnabled":true},"in2DMode":false,"pivot":{"x":5.033661365509033,"y":1.350990653038025,"z":-1.8271631002426148},"rotation":{"x":-0.16639026999473573,"y":0.052921112626791,"z":-0.008941556327044964,"w":-0.9846115708351135},"size":0.13380829989910127,"orthographic":false}