{"cameraMode":{"drawMode":0,"name":"Shaded","section":"Shading Mode"},"sceneLighting":true,"audioPlay":false,"sceneViewState":{"showFog":true,"showMaterialUpdate":true,"showSkybox":true,"showFlares":true,"showImageEffects":true,"showParticleSystems":true},"in2DMode":false,"pivot":{"x":10.226800918579102,"y":-13.239709854125977,"z":37.29682159423828},"rotation":{"x":-0.1707061529159546,"y":-0.06380307674407959,"z":0.011077819392085076,"w":-0.9832004904747009},"size":51.54368209838867,"orthographic":false}